<manifest alg="2" build="2018.1.1.386" opt="false" iceEnabled="true" iceMarkupVersion="2" iceEnabledOptions="link,responsive,cachebuster,textStyling" exportTarget="other" domain="arhamacademy.ca" resolutions="1x" timestamp="1571044701586">
  <folder name="css">
    <file name="site_global.css" crc="444006867"/>
    <file name="master_a-master.css" crc="478686155" ref="services:tutoring:about-us:index:apply:study-camp:contact-us"/>
    <file name="nomq_preview_master_a-master.css" crc="427201240" ref="services:tutoring:about-us:index:apply:study-camp:contact-us"/>
    <file name="services.css" crc="339816720" ref="services"/>
    <file name="nomq_services.css" crc="3951508232" ref="services"/>
    <file name="tutoring.css" crc="3872375935" ref="tutoring"/>
    <file name="nomq_tutoring.css" crc="3934609063" ref="tutoring"/>
    <file name="about-us.css" crc="3983327359" ref="about-us"/>
    <file name="nomq_about-us.css" crc="4007905693" ref="about-us"/>
    <file name="index.css" crc="239855645" ref="index"/>
    <file name="nomq_index.css" crc="39033402" ref="index"/>
    <file name="apply.css" crc="489478748" ref="apply"/>
    <file name="nomq_apply.css" crc="324769413" ref="apply"/>
    <file name="study-camp.css" crc="519884843" ref="study-camp"/>
    <file name="nomq_study-camp.css" crc="105441459" ref="study-camp"/>
    <file name="contact-us.css" crc="4236446442" ref="contact-us"/>
    <file name="nomq_contact-us.css" crc="153975508" ref="contact-us"/>
  </folder>
  <folder name="scripts">
    <file name="jquery-1.8.3.min.js" crc="209076791" ref="index:services:about-us:contact-us:apply:study-camp:tutoring"/>
    <file name="museutils.js" crc="3939489907" ref="index:services:about-us:contact-us:apply:study-camp:tutoring"/>
    <file name="whatinput.js" crc="86476730" ref="index:services:about-us:contact-us:apply:study-camp:tutoring"/>
    <file name="museconfig.js" crc="3936894949" ref="index:services:about-us:contact-us:apply:study-camp:tutoring"/>
    <file name="jquery.musepolyfill.bgsize.js" crc="85124417" ref="index:services:apply:study-camp:tutoring"/>
    <file name="jquery.watch.js" crc="522499760" ref="index:services:about-us:contact-us:apply:study-camp:tutoring"/>
    <file name="jquery.musemenu.js" crc="4139692962" ref="index:services:about-us:contact-us:apply:study-camp:tutoring"/>
    <file name="webpro.js" crc="3856315280" ref="index:services:about-us:contact-us:apply:study-camp:tutoring"/>
    <file name="musewpslideshow.js" crc="244150766" ref="index:services:about-us:contact-us:apply:study-camp:tutoring"/>
    <file name="jquery.museoverlay.js" crc="3877667098" ref="index:services:about-us:contact-us:apply:study-camp:tutoring"/>
    <file name="touchswipe.js" crc="3888935200" ref="index:services:about-us:contact-us:apply:study-camp:tutoring"/>
    <file name="jquery.scrolleffects.js" crc="312044820" ref="index:services:about-us:contact-us:apply:study-camp:tutoring"/>
    <file name="html5shiv.js" crc="4241844378" ref="index:services:about-us:contact-us:apply:study-camp:tutoring"/>
    <file name="jquery.museresponsive.js" crc="95814420" ref="index:services:about-us:contact-us:apply:study-camp:tutoring"/>
    <file name="require.js" crc="4177726516" ref="index:services:about-us:contact-us:apply:study-camp:tutoring"/>
    <file name="form_check.php" crc="4108222811" ref="contact-us"/>
    <file name="form_throttle.php" crc="503802655" ref="contact-us"/>
    <file name="form_process.php" crc="260214869" ref="contact-us"/>
    <file name="form-u13181.php" crc="7827466" ref="contact-us"/>
  </folder>
  <folder name="images">
    <file name="a-master-favicon.ico" crc="208711860" ref="index"/>
    <file name="2894405.png" crc="43225821" ref="index:services">
      <caption webpage="index" alt=""/>
      <caption webpage="index" alt=""/>
      <caption webpage="index" alt=""/>
      <caption webpage="index" alt=""/>
      <caption webpage="index" alt=""/>
      <caption webpage="services" alt=""/>
    </file>
    <file name="call.png" crc="235141345" ref="index:services">
      <caption webpage="index" alt=""/>
      <caption webpage="index" alt=""/>
      <caption webpage="index" alt=""/>
      <caption webpage="index" alt=""/>
      <caption webpage="index" alt=""/>
      <caption webpage="services" alt=""/>
    </file>
    <file name="color-palette-3062.png" crc="3767522384" ref="index:apply">
      <caption webpage="index" alt=""/>
      <caption webpage="index" alt=""/>
      <caption webpage="index" alt=""/>
      <caption webpage="index" alt=""/>
      <caption webpage="index" alt=""/>
      <caption webpage="apply" alt=""/>
      <caption webpage="apply" alt=""/>
      <caption webpage="apply" alt=""/>
      <caption webpage="apply" alt=""/>
      <caption webpage="apply" alt=""/>
      <caption webpage="apply" alt=""/>
      <caption webpage="apply" alt=""/>
      <caption webpage="apply" alt=""/>
      <caption webpage="apply" alt=""/>
      <caption webpage="apply" alt=""/>
    </file>
    <file name="color-palette-3062-buttonu32957-r-fr.png" crc="51700763" ref="index"/>
    <file name="logos2-2.png" crc="279170712" ref="index:study-camp">
      <caption webpage="index" alt=""/>
    </file>
    <file name="logos2-2-buttonu33001-r-fr.png" crc="18678307" ref="index"/>
    <file name="logos3.png" crc="315593525" ref="index:tutoring">
      <caption webpage="index" alt=""/>
    </file>
    <file name="logos3-buttonu33166-r-fr.png" crc="128277341" ref="index"/>
    <file name="arham academy - logo (color).png" crc="4110652990" ref="index">
      <caption webpage="index" alt=""/>
      <caption webpage="index" alt=""/>
      <caption webpage="index" alt=""/>
      <caption webpage="index" alt=""/>
      <caption webpage="index" alt=""/>
      <caption webpage="index" alt=""/>
      <caption webpage="index" alt=""/>
      <caption webpage="index" alt=""/>
      <caption webpage="index" alt=""/>
      <caption webpage="index" alt=""/>
    </file>
    <file name="blank.gif" crc="4208392903" ref="index:services:about-us:contact-us:apply:study-camp:tutoring"/>
    <file name="mobile-menu-icon-click.png" crc="235717265" ref="index">
      <caption webpage="index" alt=""/>
      <caption webpage="index" alt=""/>
      <caption webpage="index" alt=""/>
    </file>
    <file name="cactus.jpg" crc="491424337" seo="true" ref="about-us">
      <caption webpage="about-us" alt=""/>
      <caption webpage="about-us" alt=""/>
      <caption webpage="about-us" alt=""/>
      <caption webpage="about-us" alt=""/>
      <caption webpage="about-us" alt=""/>
    </file>
    <file name="road.jpg" crc="180693847" seo="true" ref="about-us">
      <caption webpage="about-us" alt=""/>
      <caption webpage="about-us" alt=""/>
      <caption webpage="about-us" alt=""/>
      <caption webpage="about-us" alt=""/>
      <caption webpage="about-us" alt=""/>
    </file>
    <file name="trees.jpg" crc="4071309946" seo="true" ref="about-us">
      <caption webpage="about-us" alt=""/>
      <caption webpage="about-us" alt=""/>
      <caption webpage="about-us" alt=""/>
      <caption webpage="about-us" alt=""/>
      <caption webpage="about-us" alt=""/>
    </file>
    <file name="loading.gif" crc="3815509949" ref="about-us"/>
    <file name="logos2-2-u24023-r-fr.png" crc="215923077" ref="study-camp"/>
    <file name="logos2-2-u24023-fr.png" crc="278899822" ref="study-camp"/>
    <file name="logos2-2-u24023-r-fr2.png" crc="3853102913" ref="study-camp"/>
    <file name="logos3-u24044-r-fr.png" crc="385494343" ref="tutoring"/>
    <file name="logos3-u24044-fr.png" crc="95871675" ref="tutoring"/>
    <file name="logos3-u24044-r-fr2.png" crc="4138417167" ref="tutoring"/>
  </folder>
  <file name="index.html" crc="4276661295" seo="true" mt="1571044619008" redirect="true"/>
  <file name="services.html" crc="37841080" seo="true" mt="1571044397860" redirect="true"/>
  <file name="about-us.html" crc="328449770" seo="true" mt="1571044397860" redirect="true"/>
  <file name="contact-us.html" crc="361436776" seo="true" mt="1571044397860" redirect="true"/>
  <file name="apply.html" crc="297688739" seo="true" mt="1571044397860" redirect="true"/>
  <file name="study-camp.html" crc="4005295578" seo="true" mt="1571044397860" redirect="true"/>
  <file name="tutoring.html" crc="435186849" seo="true" mt="1571044397860" redirect="true"/>
</manifest>